width,phase_mean,phase_std,mag_mean
0.01,2.474710908465972,1.6684349349702309e-10,0.8739626284917941
0.011,2.466919921019189,1.762924996051191e-10,0.8731798886980152
0.012,2.4591958512474603,1.8599204360007644e-10,0.8723810197874399
0.013,2.451554157855472,1.95936328451951e-10,0.8715707865468495
0.014,2.444003387209806,2.0613373336728413e-10,0.8707526085278104
0.015,2.4365511103367203,2.1658872903607478e-10,0.8699300721436086
0.016,2.4292043855186627,2.2729394004904266e-10,0.869106491011981
0.017,2.421969213360753,2.382718686770133e-10,0.8682852301756301
0.018,2.414849253233223,2.495022129477812e-10,0.8674690971308984
0.019,2.407847198855762,2.609939199017271e-10,0.8666609966470188
0.02,2.400962443214044,2.727361425248212e-10,0.8658627520900869
0.021,2.394199900888306,2.8474930440546174e-10,0.865077019399801
0.022,2.3875545152921185,2.970151347223649e-10,0.8643058686531282
0.023,2.381028939476006,3.0955006816414463e-10,0.8635510588589289
0.024,2.374618911724902,3.223578797302867e-10,0.8628136568055305
0.025,2.368321688063924,3.354378967083387e-10,0.8620956962787522
0.026,2.362133872875711,3.4880280714006003e-10,0.8613976608065499
0.027,2.3560541627574527,3.6246854587186545e-10,0.860721636281837
0.028,2.350074873605931,3.764404374956181e-10,0.8600674718886732
0.029,2.344195540486163,3.907385388096529e-10,0.8594363068308084
0.03,2.3384094968579747,4.053487249992939e-10,0.858828626391522
0.031,2.3327125104246313,4.203051627780832e-10,0.8582449230725101
0.032,2.3271013477254447,4.356223710020863e-10,0.8576857417980869
0.033,2.3215729294392027,4.512960370124296e-10,0.8571510661528791
0.034,2.3161212734872456,4.673309630924434e-10,0.8566413478461379
0.035,2.3107422053338005,4.837522446924413e-10,0.8561560137594704
0.036,2.3054333738779755,5.00547135209213e-10,0.8556953746134544
0.037,2.300192507870987,5.177417252615713e-10,0.8552601101422347
0.038,2.2950132351198635,5.353156233725488e-10,0.8548492839689021
0.039,2.2898944834464836,5.532822062832051e-10,0.8544633219271718
0.04,2.284834384952502,5.716415749879126e-10,0.8541025879276163
0.041,2.27982488076825,5.904084254334615e-10,0.8537661567118074
0.042,2.2748658699348927,6.095695457197463e-10,0.8534547786986758
0.043,2.269952998931236,6.29153571467095e-10,0.8531683835788028
0.044,2.2650813884167804,6.491593142237243e-10,0.8529064779963139
0.045,2.2602457151693605,6.695970365209566e-10,0.8526693404402463
0.046,2.2554449945929598,6.904853936358068e-10,0.8524575988634676
0.047,2.2506736501431153,7.118499415045369e-10,0.8522708247877072
0.048,2.245924839124933,7.337128021211522e-10,0.8521084535993569
0.049,2.2411950056653667,7.56088120038861e-10,0.8519711142018254
0.05,2.2364834146199146,7.789758494491783e-10,0.8518588351249136
0.051,2.2317826812619277,8.024121397496951e-10,0.8517712753347563
0.051,2.2317826812619335,8.024123237243912e-10,0.8517712753347558
0.052,2.227089853069453,8.264256779158863e-10,0.8517082891778007
0.053,2.2224017770504787,8.510106623587371e-10,0.8516697295595961
0.054,2.2177143892677544,8.761700262946756e-10,0.8516553591502944
0.055,2.21302554695165,9.01942119111085e-10,0.8516647162638166
0.056,2.208334676774015,9.283054899469623e-10,0.8516980011258826
0.057,2.2036347877214624,9.552770833343655e-10,0.8517546372730275
0.058,2.198926522749016,9.828284911211086e-10,0.8518344884645627
0.059,2.1942077310211947,1.010980053478155e-09,0.8519371853574017
0.06,2.189477352917669,1.0397040050411214e-09,0.8520630292123077
0.061,2.184733379373352,1.06901514633833e-09,0.8522118686585306
0.062,2.179971900557596,1.0989091090929157e-09,0.8523832409658776
0.063,2.175191979300009,1.1293932775093434e-09,0.8525771650664385
0.064,2.170394505567948,1.160464129529909e-09,0.8527942590846392
0.065,2.1655741353196056,1.1921211985740676e-09,0.8530341046677593
0.066,2.160729317052715,1.2243744388345655e-09,0.8532968365334839
0.067,2.155857632349951,1.257264398589675e-09,0.853582662297226
0.068,2.1509549476096224,1.2908290330863792e-09,0.8538909236403379
0.069,2.1460221519790963,1.3250229581742422e-09,0.8542224661903323
0.07,2.141056280758823,1.3598790301189549e-09,0.8545762686711117
0.071,2.136055776253929,1.3954367537477081e-09,0.8549533145792262
0.072,2.1310157835498202,1.431706650834281e-09,0.8553526213112677
0.073,2.125936146183389,1.4686912622378313e-09,0.8557732503599108
0.074,2.1208152444589867,1.506386724297827e-09,0.8562155000278788
0.075,2.1156542254840205,1.5447993113872343e-09,0.8566790844536687
0.076,2.1104481021439265,1.5839133355440456e-09,0.8571630802416264
0.077,2.105195415242583,1.6237490844151633e-09,0.8576674904624317
0.078,2.099898582696737,1.6642466763892216e-09,0.8581913937778892
0.079,2.0945544325469614,1.7054056969525083e-09,0.8587345340357512
0.08,2.0891615462689397,1.747240558238041e-09,0.8592964829213524
0.081,2.0837167425597634,1.7897049004156622e-09,0.859877184993876
0.082,2.078219854178622,1.8328273420049019e-09,0.8604757668420413
0.083,2.072670825473459,1.876618896172283e-09,0.8610924451181229
0.084,2.0670635245120677,1.92103269446856e-09,0.8617266499248283
0.085,2.0613990949163035,1.9661178818605264e-09,0.8623782908310061
0.086,2.055674753091167,2.0118799597198493e-09,0.8630466727820163
0.087,2.0498864066698874,2.0583608395788153e-09,0.8637323784477817
0.088,2.0440298065162668,2.1056599452299405e-09,0.8644334798538387
0.089,2.038109427429874,2.153671558639285e-09,0.8651509934697537
0.09,2.032118788398142,2.2024756070887487e-09,0.8658834672168318
0.091,2.0260548081387757,2.252102646009239e-09,0.8666303656038707
0.092,2.0199167749471205,2.3026732888448156e-09,0.8673906392598734
0.093,2.013706384584931,2.3540182222767377e-09,0.8681638295260155
0.094,2.0074181913548776,2.4062726915024536e-09,0.8689480693466965
0.095,2.0010507912158513,2.4594051317735037e-09,0.8697428504974222
0.096,1.994602610853346,2.5134040561679554e-09,0.8705468184043601
0.097,1.988075494988891,2.5682558265807954e-09,0.8713592763473786
0.098,1.9814653205256536,2.623900756768563e-09,0.8721787034218522
0.099,1.9747721796222497,2.680364080882744e-09,0.873004753507557
0.1,1.9679875342351256,2.737688783237114e-09,0.8738352676952449
0.101,1.9611152943974541,2.7957168788088182e-09,0.874670522499585
0.102,1.9541485331610862,2.8545626113057066e-09,0.8755092446010029
0.103,1.9470846869971525,2.91423337692446e-09,0.8763505190692175
0.104,1.939918799418698,2.974700618588661e-09,0.8771933806281506
0.105,1.932647402792128,3.0360045440846814e-09,0.8780370372787406
0.106,1.9252681606555053,3.0980893626957345e-09,0.8788804904966819
0.107,1.9177720732281145,3.1611517587650896e-09,0.8797229319405303
0.108,1.9101580545895194,3.2252272392915952e-09,0.8805623032280364
0.109,1.9024199728229576,3.290178372095902e-09,0.881397913197838
0.11,1.8945559726284724,3.3561277760607712e-09,0.8822277377055336
0.111,1.8865621931064527,3.423108387644521e-09,0.8830502047890179
0.112,1.8784351574302571,3.491209584079827e-09,0.8838630272743221
0.113,1.8701723172792906,3.5603087593426623e-09,0.8846640078740429
0.114,1.8617741711142597,3.6304207945671102e-09,0.8854507637952033
0.115,1.8532355416575408,3.7015448663075377e-09,0.8862209045871721
0.116,1.8445579777278482,3.773523880742877e-09,0.8869721826859851
0.117,1.835739927075504,3.8464554026795835e-09,0.8877014206115886
0.118,1.826780874996652,3.920100398958056e-09,0.8884062304786193
0.119,1.8176784132190562,3.994505266215898e-09,0.8890838374033643
0.12,1.8084327889457663,4.069560882274861e-09,0.8897316401558624
0.121,1.7990401745113218,4.1451953171505604e-09,0.8903468772740868
0.122,1.7895026205165028,4.221412665957007e-09,0.8909264791109225
0.123,1.779813622325572,4.298216324964799e-09,0.8914678775031425
0.124,1.7699753645419898,4.375526995476508e-09,0.8919677770124838
0.125,1.7599828629006988,4.453337560667268e-09,0.8924232809916876
0.126,1.74983814989087,4.531735154040493e-09,0.892831125553152
0.127,1.7395338222164298,4.610864913181897e-09,0.8931878897069769
0.128,1.7290742034961522,4.690523908514411e-09,0.8934899784844857
0.129,1.7184591157890754,4.770761662935809e-09,0.8937339290391059
0.13,1.7076852587485472,4.851677659013437e-09,0.8939157475229532
0.131,1.6967523382677736,4.933318313245711e-09,0.8940316848966124
0.132,1.6856645946070126,5.01571895513647e-09,0.894077820699565
0.133,1.6744236538281574,5.098644650822181e-09,0.8940503509499772
0.133,1.6744236538281583,5.098644699562364e-09,0.8940503509499788
0.134,1.663032489916999,5.182131988732462e-09,0.8939454413334219
0.135,1.6514939772256036,5.266053776643905e-09,0.8937593419844135
0.136,1.6398086934376197,5.350306533231454e-09,0.8934883703029273
0.137,1.6279835611617892,5.434925321377952e-09,0.8931290557088167
0.138,1.6160206470005634,5.519649190870314e-09,0.892678102126855
0.139,1.6039212941430876,5.604402780279611e-09,0.892132039577332
0.14,1.5916896707757995,5.688989379033857e-09,0.8914879084704311
0.141,1.5793307553703748,5.773420415860878e-09,0.8907424809364624
0.142,1.5668409810176607,5.8577444866860275e-09,0.8898925645054184
0.143,1.5542289560495428,5.941964012431223e-09,0.8889353754510566
0.144,1.541492273534338,6.025929128225276e-09,0.8878679861328658
0.145,1.5286332652349894,6.109776414419335e-09,0.8866871821233342
0.146,1.5156596439287193,6.193609096316726e-09,0.885390742375974
0.147,1.502566021433207,6.277860502535181e-09,0.8839752440631591
0.148,1.489363421697589,6.362044993415309e-09,0.8824388134001397
0.149,1.476057040720028,6.446590571449386e-09,0.8807794698527
0.15,1.4626416762485315,6.531332634232369e-09,0.878994290501719
0.151,1.449132476426503,6.616568694758751e-09,0.877082340555878
0.152,1.4355320075536866,6.702374319573667e-09,0.8750421923937921
0.153,1.4218445394579733,6.7884715919684286e-09,0.8728729143503727
0.154,1.4080793255288804,6.874893755129796e-09,0.8705744629438191
0.155,1.394238303201875,6.961530051612954e-09,0.8681460913570818
0.156,1.3803282021092889,7.048331888024173e-09,0.8655873542404795
0.157,1.3663552480732561,7.13519080906722e-09,0.8628999231574872
0.158,1.3523227728330023,7.221864638852073e-09,0.8600836961969132
0.159,1.3382320676015285,7.308136536334617e-09,0.8571383369031068
0.16,1.324087967332818,7.393943883716218e-09,0.8540657079353653
0.161,1.3098928698688543,7.479283822976326e-09,0.8508656117079574
0.162,1.2956463841807557,7.564110665467572e-09,0.8475389626591594
0.163,1.2813548933300378,7.648420450916414e-09,0.8440866538349485
0.164,1.2670164166718814,7.73214931508939e-09,0.8405097519847687
0.165,1.252630340535739,7.8152687626452e-09,0.8368065742535958
0.166,1.2382062719296452,7.898135234067666e-09,0.8329821433409681
0.167,1.2237437979210912,7.980925437421538e-09,0.8290355486258022
0.168,1.20924669474448,8.063604299651853e-09,0.8249687574863408
0.169,1.1947271474191017,8.145994074448466e-09,0.8207867517823393
0.17,1.180179014837438,8.228443210216549e-09,0.8164880062913885
0.171,1.1656172115889363,8.310634688210235e-09,0.8120806722496631
0.172,1.151052825279497,8.393066667866924e-09,0.8075671124280748
0.173,1.13648982015591,8.475045825159834e-09,0.802953057249076
0.174,1.1219395237201966,8.556607755344692e-09,0.7982439535348999
0.175,1.107406203875109,8.637614519225547e-09,0.7934441159635864
0.176,1.092892479678306,8.717816251950251e-09,0.7885596623965719
0.177,1.078421948165392,8.797079279121844e-09,0.7835997239458184
0.178,1.0639946190739842,8.874981119277953e-09,0.7785699040161644
0.179,1.049608278528183,8.952154305813762e-09,0.7734732736548383
0.18,1.0352774665642295,9.027828971033763e-09,0.7683200292717258
0.181,1.0210004763255425,9.102549567565061e-09,0.7631132668271376
0.182,1.0067894735964096,9.175453017308632e-09,0.7578611266921635
0.183,0.9926447856748415,9.248216932941297e-09,0.752569560902159
0.184,0.9785714608487422,9.320431752611493e-09,0.7472437645137696
0.185,0.9645724043282716,9.391766263907012e-09,0.7418881058084013
0.186,0.9506532324607321,9.463648011424128e-09,0.7365115433006396
0.187,0.9368193949517463,9.535569615557248e-09,0.7311184917746935
0.188,0.9230722081268352,9.608436135640302e-09,0.7257157476960779
0.189,0.9094232155952084,9.682040962994724e-09,0.720311299591049
0.19,0.8958674131743503,9.757377524269834e-09,0.7149073585034088
0.191,0.8824176103031788,9.83399321998002e-09,0.7095149116134967
0.192,0.8690787346348198,9.911924972489373e-09,0.7041400260355806
0.193,0.8558486238924662,9.99188467216556e-09,0.6987881870829964
0.194,0.8427453763770271,1.0073193585633889e-08,0.6934722687497397
0.195,0.8297574492088454,1.0155363514482643e-08,0.6881907584521351
0.196,0.8168886986146321,1.0239439265961211e-08,0.6829521247535172
0.197,0.8041508954503238,1.0324701549210467e-08,0.6777668726840589
0.198,0.7915427742705431,1.0411919022765962e-08,0.6726398317206683
0.199,0.7790554488574766,1.0500912440244996e-08,0.6675714294399082
0.2,0.7666961954314891,1.0592114925163516e-08,0.6625722498095996
0.201,0.7544645458610607,1.0685241669282683e-08,0.6576430799676688
0.202,0.742351578694996,1.0781927051765416e-08,0.6527871366004548
0.203,0.7303697296772215,1.0882148741840475e-08,0.6480132750174035
0.204,0.7185067280267274,1.0987337700606166e-08,0.6433211343265821
0.205,0.7067648692592136,1.1096137722082556e-08,0.6387113521028117
0.206,0.6951453188254437,1.121071504123062e-08,0.6341926102946478
0.207,0.6836395409966555,1.1331316388931214e-08,0.6297645474039979
0.208,0.672256600325403,1.1458579085963857e-08,0.625431280967042
0.209,0.6609900471111186,1.159210134298569e-08,0.6211953336267776
0.21,0.6498342530286881,1.173304508301925e-08,0.6170551855815787
0.211,0.6387942430139129,1.1881224805570285e-08,0.613019402864955
0.212,0.6278645808520164,1.2036503382332793e-08,0.6090901920540703
0.213,0.6170428984711311,1.2198886049491878e-08,0.605265221314036
0.214,0.6063292494528694,1.2368488826714637e-08,0.6015525096484378
0.215,0.5957127704264961,1.2545092870730926e-08,0.5979484133070125
0.216,0.5851894247297379,1.2728242359123687e-08,0.5944547568301046
0.216,0.5851894247297469,1.2728242357443979e-08,0.5944547568301094
0.217,0.5747585901371575,1.2919025863399198e-08,0.591076344828233
0.218,0.5644148197835295,1.3116870033504531e-08,0.5878152281903677
0.219,0.5541500178909748,1.3321847798094994e-08,0.5846687324302666
0.22,0.5439609651258932,1.353382641605591e-08,0.5816398238979448
0.221,0.5338379578352002,1.375366643156113e-08,0.5787291499399809
0.222,0.5237754881306927,1.3981383679180964e-08,0.5759345995833792
0.223,0.5137753331317997,1.4217375678089362e-08,0.5732597649031909
0.224,0.5038263393210037,1.4461480320974531e-08,0.5707037609225477
0.225,0.49392039119475983,1.471356616102659e-08,0.5682641472873826
0.226,0.4840667911476821,1.4974171961370703e-08,0.5659456575963827
0.227,0.47425610461213946,1.5242974429238877e-08,0.5637473040328866
0.228,0.4644827537004511,1.552063772162503e-08,0.5616690959090554
0.229,0.45475224547074644,1.5806434635625943e-08,0.5597132700166435
0.23,0.44505368055138655,1.6099683901031784e-08,0.5578767456890015
0.231,0.4353963673668442,1.640075676572153e-08,0.5561659214625078
0.232,0.4257685911855616,1.6709579463912547e-08,0.5545790003944271
0.233,0.41617440003711736,1.702544580762228e-08,0.5531181070945712
0.234,0.4066096341508689,1.7348004348959954e-08,0.5517852555139158
0.235,0.39707028595918603,1.7677624523293306e-08,0.5505785353604818
0.236,0.38755271197163355,1.801317388216672e-08,0.5495009640787127
0.237,0.37805553826426447,1.835555865012819e-08,0.5485531377561422
0.238,0.3685752916730769,1.870430854469709e-08,0.5477377464749437
0.239,0.35910465521469465,1.905836616362637e-08,0.5470541921080512
0.24,0.3496463372561955,1.9418805179319625e-08,0.5465040849057944
0.241,0.34019039595301215,1.9784769588585646e-08,0.5460867957294383
0.242,0.3307350292526285,2.0156124811664658e-08,0.5458036842982574
0.243,0.32127285327658406,2.0533184420238676e-08,0.5456528436843763
0.244,0.31181067164703774,2.0914607180089322e-08,0.5456375787633619
0.245,0.30233466843941925,2.1300811930992983e-08,0.5457532599169567
0.246,0.29285377093361326,2.1691095569337427e-08,0.5460048992901151
0.247,0.28335466806148796,2.2085794827801058e-08,0.5463877398642368
0.248,0.2738456079009257,2.248334547245055e-08,0.5469047480901517
0.249,0.2643239014223931,2.2885026075319127e-08,0.547554118525962
0.25,0.2547795435373914,2.3289737088382403e-08,0.5483329623586739
0.251,0.24521491863381226,2.3697991853112432e-08,0.5492432624134327
0.252,0.23563265229743807,2.4109090246966223e-08,0.5502865680159434
0.253,0.22602800935836811,2.4523278734641115e-08,0.5514611630443487
0.254,0.21639464266216532,2.4940652294617382e-08,0.5527673477277812
0.255,0.2067301465716356,2.536152814267473e-08,0.5542050708337787
0.256,0.19702594971217066,2.5785851863458195e-08,0.5557731390830305
0.257,0.18728201960194918,2.6213632065731925e-08,0.5574743225036577
0.258,0.17749505636211038,2.664445395986037e-08,0.559310866446517
0.259,0.1676538250530396,2.7078770050916543e-08,0.5612804321177743
0.26,0.15775034862209628,2.7517026130551083e-08,0.5633845684165749
0.261,0.14778577706992013,2.7957563485053435e-08,0.5656253844216074
0.262,0.1377443493155822,2.840155425764787e-08,0.5680014234730293
0.263,0.12762658360523688,2.884871201130183e-08,0.5705122021062604
0.264,0.11742801068612571,2.929892978822468e-08,0.5731606797243896
0.265,0.10713500460523513,2.9752333118283818e-08,0.5759430023190122
0.266,0.09674977128989723,3.020865421084816e-08,0.5788620044265419
0.267,0.08626307175613578,3.0668191013019973e-08,0.5819160825007322
0.268,0.0756751904810499,3.113156865921868e-08,0.5851052075455161
0.269,0.06498071228863515,3.159848612729961e-08,0.5884268400022681
0.27,0.054168504044399574,3.2069174456533854e-08,0.5918782077622401
0.271,0.04323678210293514,3.25451917542969e-08,0.5954612698106942
0.272,0.03219089037885257,3.3025359852105356e-08,0.5991738734051316
0.273,0.02101886609384307,3.351056373837874e-08,0.6030147897556695
0.274,0.009711807407663668,3.4001958897159744e-08,0.6069831265396733
0.275,-0.001730042578304809,3.449906409901385e-08,0.6110762674187529
0.276,-0.013313278374260714,3.5001625498134115e-08,0.6152951079310272
0.277,-0.025044656808791317,3.550925313435515e-08,0.619636518738588
0.278,-0.03692530569430015,3.6023876035398816e-08,0.6241014855330014
0.279,-0.048963942756321426,3.6544002813954756e-08,0.6286849010398635
0.28,-0.06116861831526863,3.706955181581248e-08,0.633388178451665
0.281,-0.07353447011727776,3.7602039490567215e-08,0.6382079009087991
0.282,-0.08607830980110454,3.814094025660362e-08,0.6431411839370305
0.283,-0.09879466471803718,3.868614602717587e-08,0.648184196709787
0.284,-0.1116827238375138,3.923759663758405e-08,0.6533322352543894
0.285,-0.1247532170432935,3.9796228863606677e-08,0.6585822764364714
0.286,-0.1379978567557107,4.036160925993598e-08,0.6639282163703315
0.287,-0.15142266307710078,4.0935489192192453e-08,0.6693648648877356
0.288,-0.16501606571404287,4.151657415691321e-08,0.6748864178824425
0.289,-0.17878399969990683,4.210585605041658e-08,0.6804842313080295
0.29,-0.19272849122378513,4.2702931203401234e-08,0.6861510369739612
0.291,-0.2068414816334347,4.330816610193239e-08,0.6918827256886493
0.292,-0.22111808103229671,4.3920815777645104e-08,0.6976681992715144
0.293,-0.23555984100985766,4.454170079333874e-08,0.7035034444635114
0.294,-0.25016670780366734,4.516975865720414e-08,0.709379935721046
0.295,-0.264934292919825,4.580287150988093e-08,0.7152887302183988
0.296,-0.27986491326385643,4.644222869952897e-08,0.7212250299040293
0.297,-0.2949606217546054,4.708798283026207e-08,0.7271776216355427
0.298,-0.3102084574790106,4.7737697616896914e-08,0.7331422327402217
0.298,-0.31020845747900416,4.773769759483796e-08,0.7331422327402192
0.299,-0.3256136931246963,4.839175713589717e-08,0.7391081642814139
0.3,-0.3411778657736203,4.9051306391856796e-08,0.7450685317060666
0.301,-0.35688428452686705,4.971480336653754e-08,0.7510132565740498
0.302,-0.3727480389177407,5.038452470808141e-08,0.7569354126452462
0.303,-0.3887465996204103,5.10604365394328e-08,0.7628220829167295
0.304,-0.4048754270165116,5.1739957536792143e-08,0.7686647306236051
0.305,-0.42114190499760473,5.242771427874749e-08,0.7744538668364059
0.306,-0.437515486783621,5.312053667204787e-08,0.780176398309263
0.307,-0.4540027053217723,5.382063336244871e-08,0.7858259808644681
0.308,-0.47058557683826413,5.452656888342488e-08,0.7913908548733297
0.309,-0.48725172666689637,5.523884240911777e-08,0.7968590592086467
0.31,-0.504001063385929,5.595332541603955e-08,0.8022225923593138
0.311,-0.5208223613290046,5.667551128290386e-08,0.8074733955451752
0.312,-0.5376960443613382,5.739893427056398e-08,0.8126026963392435
0.313,-0.5546162536958983,5.81254035263173e-08,0.8176018924060412
0.314,-0.5715840543954016,5.885035094767065e-08,0.82246575138426
0.315,-0.5885894843011198,5.957635616938325e-08,0.8271869131786787
0.316,-0.605627112028926,6.029879014939406e-08,0.8317608142724094
0.317,-0.6226954522510944,6.101672102250325e-08,0.8361814359733513
0.318,-0.6397848528543044,6.173098946713462e-08,0.840444618252166
0.319,-0.6568897084566971,6.243716254062754e-08,0.8445454584589963
0.32,-0.6740155450264318,6.313989523651265e-08,0.8484814312022372
0.321,-0.6911447337279953,6.383921367930927e-08,0.852246567026381
0.322,-0.708289092301363,6.453012944233064e-08,0.8558396591311348
0.323,-0.7254228138148621,6.521536315050515e-08,0.8592550052487508
0.324,-0.7425443032516732,6.58959573976128e-08,0.8624889093932472
0.325,-0.7596594201835195,6.657035840964008e-08,0.8655394842019859
0.326,-0.7767435075082519,6.723717867912832e-08,0.8684039162374814
0.327,-0.7937891991266651,6.78972920425995e-08,0.8710804200363861
0.328,-0.8107876207786444,6.855002458359457e-08,0.8735666121524378
0.329,-0.8277233313058863,6.919025712793836e-08,0.8758613142674646
0.33,-0.8445967421665417,6.982380038322086e-08,0.8779636304707965
0.331,-0.8613926859708404,7.04398004918632e-08,0.8798749686699173
0.332,-0.8780914615663593,7.104191005459863e-08,0.8815953076747894
0.333,-0.8946957475010391,7.162894406463182e-08,0.8831265881694647
0.334,-0.9111938474531868,7.219943356236784e-08,0.8844707497707046
0.335,-0.9275792245652612,7.274865740732636e-08,0.8856304219684147
0.336,-0.9438417705395068,7.327752425136827e-08,0.8866091146350469
0.337,-0.9599789158057819,7.377686754769017e-08,0.8874102308425789
0.338,-0.9759803831246551,7.425966410548496e-08,0.8880380026482068
0.339,-0.9918429252905497,7.471849005067427e-08,0.8884967519072965
0.34,-1.007560727026672,7.515036224054235e-08,0.888791532628569
0.341,-1.0231261002317755,7.556361586062906e-08,0.8889271394087527
0.342,-1.0385357071566166,7.594647079347073e-08,0.8889091808750913
0.343,-1.053778768096103,7.630940652231535e-08,0.8887434958041989
0.344,-1.068851272110375,7.66509465671192e-08,0.8884357310825263
0.345,-1.0837528008727688,7.697457272485814e-08,0.8879914081255226
0.346,-1.0984685225734705,7.727998297180724e-08,0.887418088632399
0.347,-1.1129956838706374,7.756194509428517e-08,0.8867219639755922
0.348,-1.1273313797247164,7.783008360835361e-08,0.8859095666837447
0.349,-1.1414630411840438,7.807821159706653e-08,0.8849887521883398
0.35,-1.155396683127643,7.830878180264645e-08,0.8839654138661265
0.351,-1.1691308186367715,7.852344139695752e-08,0.8828462493856039
0.352,-1.1826520092781967,7.872540472389611e-08,0.8816395172980679
0.353,-1.1959675706021038,7.891598616033221e-08,0.8803511782241714
0.354,-1.2090758542149065,7.909326304306159e-08,0.8789877833628446
0.355,-1.2219769503497624,7.926465760855031e-08,0.8775561518263078
0.356,-1.2346703547219098,7.942832030396424e-08,0.8760628742501972
0.357,-1.2471654088689952,7.959112766439718e-08,0.8745129929904201
0.358,-1.2594561076970323,7.976201595607638e-08,0.8729131732375125
0.359,-1.2715465135621562,7.994198225225638e-08,0.8712694714758883
0.36,-1.2834463859026446,8.013744270267413e-08,0.8695851086388973
0.361,-1.295142250837018,8.036101855065415e-08,0.8678688382143441
0.362,-1.3066508461391304,8.061439278781344e-08,0.8661230191403579
0.363,-1.3179657702073773,8.091528552004645e-08,0.8643535178487519
0.364,-1.3290894456339015,8.126562977784319e-08,0.8625658436488375
0.365,-1.3400303976328662,8.168208621899192e-08,0.8607629889018962
0.366,-1.3507804449480134,8.21734438147882e-08,0.8589508199753595
0.367,-1.3613475096653758,8.274597476189075e-08,0.8571333051312731
0.368,-1.371736134711357,8.341880335379365e-08,0.8553131016474973
0.369,-1.3819407430134163,8.420375586173666e-08,0.8534963191359413
0.37,-1.391973550830487,8.510773894154675e-08,0.8516850097706481
0.371,-1.401842678629792,8.614726420504325e-08,0.8498810500457308
0.372,-1.4115398122886735,8.734185607549457e-08,0.8480903649742262
0.373,-1.421079839629126,8.870007408606536e-08,0.8463136260778471
0.374,-1.4304666199134575,9.023583257449057e-08,0.844553665772358
0.375,-1.4397063433677162,9.196588397183598e-08,0.8428126897673286
0.376,-1.4488021245279885,9.391318104957514e-08,0.8410931607488131
0.377,-1.4577683748924684,9.60764686900529e-08,0.8393956876205533
0.378,-1.4666038267511945,9.84891263519549e-08,0.8377221250644629
0.379,-1.4753154853762414,1.0115132895691677e-07,0.8360754752836309
0.38,-1.483915093766117,1.0407853428958168e-07,0.8344543172285696
0.38,-1.4839150937661303,1.0407853426031554e-07,0.834454317228572
0.381,-1.4924009890080894,1.072803815944904e-07,0.8328622447851685
0.382,-1.5007768784776307,1.1080163541511837e-07,0.8312997417787701
0.383,-1.5090516258935698,1.1460377334860559e-07,0.8297676093746043
0.384,-1.5172201533032184,1.1871291369915665e-07,0.8282686917144491
0.385,-1.5252995806488252,1.2313893232672342e-07,0.8268014125494044
0.386,-1.533278806424858,1.2787484873194995e-07,0.8253692776805348
0.387,-1.5411601518018623,1.3295044605898408e-07,0.8239739443305709
0.388,-1.548953977984009,1.3833236698721568e-07,0.8226145488982574
0.389,-1.556655400813737,1.4405187577744815e-07,0.821293849313128
0.39,-1.564275872371164,1.500810961206196e-07,0.8200114399423881
0.391,-1.5718078346493933,1.564694873978474e-07,0.8187698882982951
0.392,-1.5792586228732177,1.6317450775848986e-07,0.8175701138395385
0.393,-1.5866321913340482,1.7022241708569592e-07,0.8164116447005149
0.394,-1.5939256690938188,1.7763495453158793e-07,0.8152973693154562
0.395,-1.6011489737034876,1.8539045001912175e-07,0.8142261984129264
0.396,-1.6083039649856583,1.9349195890898846e-07,0.8132001350048972
0.397,-1.6153941605910591,2.0197857203095685e-07,0.8122193306599923
0.398,-1.6224222206614787,2.108358009859259e-07,0.811283896576288
0.399,-1.629390029431587,2.2008602322126023e-07,0.8103961112892487
0.4,-1.6363036431112872,2.2972607305289716e-07,0.8095531860593318
0.401,-1.6431602497199103,2.397752952783846e-07,0.8087592664129278
0.402,-1.64997019044627,2.502226061140875e-07,0.8080112416411782
0.403,-1.6567283089762783,2.610803933849332e-07,0.807311932694596
0.404,-1.6634387501120054,2.7232060263817787e-07,0.8066601167770331
0.405,-1.670105675314616,2.839882971233257e-07,0.8060560948336317
0.406,-1.6767314090175314,2.9602841063538116e-07,0.8054991288402115
0.407,-1.683311179042456,3.0849954603078826e-07,0.804991931721601
0.408,-1.6898534537776166,3.213463686141725e-07,0.8045321474999528
0.409,-1.696355114747559,3.346033583824035e-07,0.8041216519740901
0.41,-1.7028231817387371,3.482484122281362e-07,0.8037592522531609
0.411,-1.7092573215422653,3.623169605026286e-07,0.8034458522172571
0.412,-1.7156600749151096,3.76793983504308e-07,0.8031816387777351
0.413,-1.7220355887052468,3.917079291224653e-07,0.8029662310627335
0.414,-1.7283873692553129,4.070599614773857e-07,0.8028007501814298
0.415,-1.7347193776351342,4.228580072083034e-07,0.8026840488012568
0.416,-1.7410297205031073,4.391406829876336e-07,0.8026182336731792
0.417,-1.747329053057588,4.5593371716612753e-07,0.8026013301658507
0.418,-1.7536192337930545,4.73241103000786e-07,0.8026337287304675
0.419,-1.7598980994801037,4.910947734021705e-07,0.8027170315299157
0.42,-1.7661746340993378,5.095092935084593e-07,0.8028486125917516
0.421,-1.7724469634843953,5.285002681430154e-07,0.8030304299622666
0.422,-1.7787231332046212,5.480961260555251e-07,0.8032605350186726
0.423,-1.7850003760926823,5.68275713923172e-07,0.8035397120312266
0.424,-1.7912825551436242,5.890564462123116e-07,0.803867134139217
0.425,-1.7975770607835664,6.104218113277874e-07,0.8042414170570461
0.426,-1.8038817309186976,6.324066754814636e-07,0.8046631940179019
0.427,-1.8101953032014435,6.549896148724622e-07,0.8051323815831971
0.428,-1.8165289661356006,6.781640836842559e-07,0.8056479352564142
0.429,-1.8228811440192667,7.019462002148271e-07,0.8062097000553303
0.43,-1.829256970652338,7.263266017280011e-07,0.8068175410314231
0.431,-1.8356601720649708,7.513298788588126e-07,0.8074714848219924
0.432,-1.8420975505404906,7.769356518353234e-07,0.8081704049462127
0.433,-1.8485695907763373,8.032199903896895e-07,0.808915486171622
0.434,-1.8550826531103082,8.301506450357266e-07,0.8097060899061751
0.435,-1.861641366272536,8.577801231074338e-07,0.8105422513427463
0.436,-1.8682522216698956,8.860887186968585e-07,0.8114230415715786
0.437,-1.87491626597938,9.1522281525118e-07,0.8123501075131023
0.438,-1.8816433172440037,9.450556931982456e-07,0.8133203119579627
0.439,-1.8884290993238713,9.757261650605175e-07,0.8143361432272018
0.44,-1.8952838005533514,1.0072001293631457e-06,0.8153943781383631
0.441,-1.9022075778755374,1.0394933719891102e-06,0.8164957582168408
0.442,-1.909201610912884,1.0726630703812345e-06,0.8176385316021597
0.443,-1.9162684843453155,1.1066405961926862e-06,0.8188228287212087
0.444,-1.9234099374636147,1.1414179394542228e-06,0.820046078136433
0.445,-1.9306293770166543,1.1769840134083476e-06,0.8213067886746601
0.446,-1.9379253641317769,1.213343645135404e-06,0.8226047465249186
0.447,-1.945300247415847,1.2504486601894148e-06,0.8239383376492426
0.448,-1.9527583903323853,1.2882652639217454e-06,0.8253059754803053
0.449,-1.9602975924921267,1.3267956962002113e-06,0.826706301666008
0.45,-1.9679203900507334,1.3660287150352764e-06,0.828138538206714
0.451,-1.975631359994592,1.4059726838252664e-06,0.8296012447635402
0.452,-1.9834326212685962,1.4466375115530497e-06,0.8310927229163614
0.453,-1.9913264322933875,1.4880741063473702e-06,0.8326128492526884
0.454,-1.9993142258665109,1.5302550599562027e-06,0.8341590297835437
0.455,-2.0074014764448154,1.5732209053704132e-06,0.8357303735126629
0.456,-2.015589866318147,1.6170312040953213e-06,0.8373259249384906
0.457,-2.023885063780346,1.6617735440405118e-06,0.8389434779550621
0.458,-2.0322847232787695,1.7074268391596227e-06,0.8405813192012941
0.459,-2.040790081223979,1.754014729349727e-06,0.842236709350998
0.46,-2.0494119294035316,1.8015832293413006e-06,0.8439076192454321
0.461,-2.0581409227415217,1.8501014607297224e-06,0.8455916638354569
0.462,-2.0669837531385324,1.899664887945176e-06,0.8472869845108475
0.462,-2.0669837531385373,1.8996648877094343e-06,0.8472869845108486
0.463,-2.0759364305022605,1.9501449198217204e-06,0.8489898270428895
0.464,-2.085001654053296,2.001524575646131e-06,0.8506975919558007
0.465,-2.0941783267509875,2.053805982513685e-06,0.8524073434554632
0.466,-2.1034705248728782,2.1069605011273866e-06,0.8541162966016882
0.467,-2.1128716532939946,2.1608999236256488e-06,0.8558210235690227
0.468,-2.1223840940070984,2.215615732009095e-06,0.8575200621854383
0.469,-2.1320098841274073,2.271098640619442e-06,0.8592093639017397
0.47,-2.1417509652979296,2.327338662539603e-06,0.8608861604093008
0.471,-2.1516039986445388,2.384353823882817e-06,0.8625482694091152
0.472,-2.161578469763815,2.442174159814645e-06,0.8641925924097391
0.473,-2.1716689646255354,2.500916196126031e-06,0.8658162749200731
0.474,-2.181876462553899,2.560548621266665e-06,0.8674160708647708
0.475,-2.1922110721667014,2.6211413074732684e-06,0.8689894367313482
0.476,-2.2026664178794513,2.682882854698118e-06,0.8705327752116584
0.477,-2.213247056020562,2.7458980969132397e-06,0.8720435369504422
0.478,-2.223955537767789,2.8100676490808597e-06,0.8735174240861305
0.479,-2.234787191763046,2.8755604772378936e-06,0.8749508993836996
0.48,-2.245748686648175,2.942457678326992e-06,0.876340591050588
0.481,-2.25683717976701,3.0106779101581495e-06,0.8776828567459175
0.482,-2.2680503432207595,3.0803608093080716e-06,0.8789736167758702
0.483,-2.2793902675859217,3.1513526765951934e-06,0.8802090436451934
0.484,-2.2908528282772034,3.2236767421232148e-06,0.881385631945559
0.485,-2.302447332578733,3.2971855254570737e-06,0.8824987728212872
0.486,-2.3141656677524813,3.371850608642911e-06,0.8835456253158629
0.487,-2.3260077689164564,3.4476309056336184e-06,0.8845215271825734
0.488,-2.337976387552657,3.524407478489642e-06,0.8854236090910212
0.489,-2.3500755385587326,3.60224431326561e-06,0.8862474248286978
0.49,-2.3623012822826865,3.681016064878391e-06,0.8869897045668642
0.491,-2.3746587703226663,3.7608151102303053e-06,0.8876462294387419
0.492,-2.3871435581557146,3.841485158315881e-06,0.8882136288938874
0.493,-2.399760088059405,3.92341133133402e-06,0.8886875841318902
0.494,-2.412505520829847,4.006507836481609e-06,0.8890641540451413
0.495,-2.4253871287740063,4.090578998156603e-06,0.8893392892690228
0.496,-2.4383935788658437,4.176045220013653e-06,0.8895091344916738
0.497,-2.4515274613220748,4.262840922146718e-06,0.8895699087730915
0.498,-2.4647856698669877,4.3510732897658335e-06,0.8895172688850339
0.499,-2.478154471985407,4.440591739115276e-06,0.8893480764548352
0.5,-2.4916450122273726,4.531698358576958e-06,0.8890579507213848
0.501,-2.505236893356097,4.624081067039853e-06,0.8886446901704297
0.502,-2.5189288247111628,4.717878223290768e-06,0.8881050415049211
0.503,-2.532716239771332,4.812744022100513e-06,0.8874363533008595
0.504,-2.5465793860747494,4.90874635542074e-06,0.8866374673994208
0.505,-2.5605237246654187,5.00546835661465e-06,0.8857059964712772
0.506,-2.5745361182927042,5.103062035206447e-06,0.8846406295222414
0.507,-2.588609607284356,5.201358997926677e-06,0.8834411152065818
0.508,-2.602738091018266,5.300275618746453e-06,0.8821065506687241
0.509,-2.6169145429476126,5.399759225704888e-06,0.8806364855456864
0.51,-2.631132667706223,5.49983950205915e-06,0.8790317403040647
0.511,-2.6453822481353337,5.600496106477029e-06,0.8772929196786717
0.512,-2.6596676711708263,5.7019818175097175e-06,0.8754192880958742
0.513,-2.6739767714577516,5.804697508027952e-06,0.8734124009363465
0.514,-2.6882985337512433,5.908506172485891e-06,0.8712746604410276
0.515,-2.7026371348908707,6.0134168345766e-06,0.8690058978533968
0.516,-2.7169744717897006,6.119984961067265e-06,0.866609886546674
0.517,-2.73131308116333,6.228305604866409e-06,0.8640879308277692
0.518,-2.74563306202701,6.3386377619655505e-06,0.8614437551797565
0.519,-2.75993406012359,6.45088768771633e-06,0.8586807595021893
0.52,-2.7742086457034283,6.565025583609037e-06,0.8558019143685324
0.521,-2.7884406052844075,6.681124992285313e-06,0.8528131312225167
0.522,-2.8026225207404365,6.7993596041373736e-06,0.84971879352552
0.523,-2.816750244192895,6.919158466929321e-06,0.8465237932361076
0.524,-2.8308105357983124,7.0404209364661435e-06,0.8432344012926428
0.525,-2.8448013736041,7.163378551860015e-06,0.8398555755185505
0.526,-2.8587191040708704,7.287453624849101e-06,0.8363918985912405
0.527,-2.87254993017299,7.412787866239312e-06,0.8328517748217947
0.528,-2.88630043987498,7.539628414636952e-06,0.8292382689544742
0.529,-2.899960400264682,7.667489387672623e-06,0.8255578417352019
0.53,-2.9135336275826207,7.796876983787463e-06,0.8218152335972
0.531,-2.927008452038434,7.927753897866771e-06,0.8180174884759498
0.532,-2.9404061525653797,8.060674970266391e-06,0.8141652462493355
0.533,-2.9537062288411473,8.196094479731898e-06,0.8102658537440175
0.534,-2.9669178351644168,8.333925664795006e-06,0.8063250781310368
0.535,-2.9800417819517757,8.47429589471947e-06,0.8023435796191571
0.536,-2.9930718480575336,8.618212113452909e-06,0.7983291564737872
0.537,-3.00601358713019,8.765382803940397e-06,0.7942848557073253
0.538,-3.018860407718185,8.916580617111628e-06,0.790216925809698
0.539,-3.031614656517209,9.07132567057782e-06,0.7861277597216288
0.54,-3.044281509031007,9.229707265632161e-06,0.7820218249878655
0.541,-3.0568478900937555,9.391682726585005e-06,0.777905712340712
0.542,-3.069314808944078,9.557166628768131e-06,0.7737859712737732
0.543,-3.081685631689257,9.725778136118272e-06,0.7696644433619173
0.544,-3.0939515592644717,9.896824192465966e-06,0.7655486703660905
0.544,-3.0939515592644775,9.896824192465032e-06,0.7655486703660903
0.545,-3.1061206022272403,1.0070880494308908e-05,0.7614398898962568
0.546,-3.118189546342026,1.0246874108645986e-05,0.7573459473217359
0.547,-3.130157118904727,1.0425422548408912e-05,0.7532700598531289
0.548,3.1411608097796697,1.0606410452099681e-05,0.7492168102290832
0.549,3.129396236615449,1.078926894539818e-05,0.7451912511151269
0.55,3.1177270170376232,1.0974780727925453e-05,0.7411950226448598
0.551,3.1061592573615115,1.1162976836961484e-05,0.7372355991888002
0.552,3.094683607750549,1.1354366522952093e-05,0.7333130373435413
0.553,3.0833034951795875,1.1550168846597204e-05,0.7294318784083806
0.554,3.072024626995115,1.1749411661603547e-05,0.7255992831502781
0.555,3.0608311300330664,1.1953192136972631e-05,0.7218110713187557
0.556,3.0497403706296793,1.2161708994290797e-05,0.7180790511884424
0.557,3.0387424224250896,1.2376445125275987e-05,0.714402219001491
0.558,3.027845983541988,1.2595748986773646e-05,0.7107877315534911
0.559,3.0170428073122424,1.2820805518557243e-05,0.7072348975892855
0.56,3.0063349910307435,1.3051163391186598e-05,0.7037476532174192
0.561,2.9957266964734446,1.3286998058904702e-05,0.7003315197279811
0.562,2.985217863752917,1.3527758378144342e-05,0.6969908647038281
0.563,2.9748048298494143,1.3772968086793163e-05,0.6937252303656035
0.564,2.9644894032904556,1.4022477689057153e-05,0.6905405343111666
0.565,2.95426954404783,1.4276652865220058e-05,0.6874373044794527
0.566,2.9441416810463052,1.4534235051875435e-05,0.6844196000409711
0.567,2.9341019953556184,1.4796111270519742e-05,0.6814877620340684
0.568,2.9241514911195345,1.506256461648054e-05,0.6786461357071236
0.569,2.914285320587015,1.5333339359096837e-05,0.6758951929679521
0.57,2.9044980900525963,1.5609102559270933e-05,0.6732361298806644
0.571,2.8947922364194674,1.5891209253323664e-05,0.670673181742578
0.572,2.8851550205336434,1.6180224714225632e-05,0.6682033510608396
0.573,2.875595658225406,1.6475924721321482e-05,0.6658322142385915
0.574,2.866104763195262,1.677967921585279e-05,0.6635599607470896
0.575,2.8566786101310138,1.709186135465708e-05,0.6613843957837272
0.576,2.847321577006756,1.7413772023307222e-05,0.6593115256103801
0.577,2.838025748745407,1.77454430665466e-05,0.6573393064877051
0.578,2.828797690992729,1.808737226622155e-05,0.655471390055247
0.579,2.819630586401009,1.843888244187707e-05,0.6537065388453368
0.58,2.8105222091034214,1.8799850369117513e-05,0.6520450399802385
0.581,2.8014700844967404,1.917046753382736e-05,0.6504886075293065
0.582,2.792478463593079,1.955103303764913e-05,0.6490403286335337
0.583,2.7835372249777963,1.9941106458235068e-05,0.647697831294452
0.584,2.7746449743333814,2.0339085232473246e-05,0.6464632668760566
0.585,2.7657968999946956,2.074523866085278e-05,0.6453363089506915
0.586,2.7569912818488125,2.1159902913985433e-05,0.6443188760964514
0.587,2.7482111939226987,2.1583143714698782e-05,0.6434088557767962
0.588,2.73946227824497,2.201546749435473e-05,0.642609772817687
0.589,2.7307329541096266,2.2456494621306664e-05,0.6419208168089425
0.59,2.7220154507594696,2.2908018803486225e-05,0.641340421985489
0.591,2.7133114228882143,2.336963057330796e-05,0.6408734284378484
0.592,2.704601302491266,2.384468086783933e-05,0.6405156690150134
0.593,2.6958921924893526,2.432963976343056e-05,0.6402698727499512
0.594,2.6871701711684097,2.4828274746067402e-05,0.6401359765165482
0.595,2.6784314204168886,2.5341013265783383e-05,0.6401111186090458
0.596,2.669677061318769,2.5867979147906992e-05,0.6401989611672927
0.597,2.6609009291185113,2.6409579094292566e-05,0.6403992938081727
0.598,2.6520989514495255,2.6966818776398074e-05,0.640711141640314
0.599,2.643269749320392,2.75379629161542e-05,0.641134496611232
0.6,2.634405585679578,2.8123290993866185e-05,0.6416666368105848
0.601,2.6255060457500177,2.8723131764582775e-05,0.6423096915227732
0.602,2.6165747938584807,2.9336911509098914e-05,0.6430650172992332
0.603,2.6076010065961803,2.9962956884600997e-05,0.6439310524586854
0.604,2.5985852653807435,3.060152438460558e-05,0.6449069411822934
0.605,2.5895188656039703,3.125237147110637e-05,0.6459926556820706
0.606,2.5804039268285663,3.191447676680799e-05,0.6471896164860517
0.607,2.5712263407555507,3.2589698830961885e-05,0.6484935343493432
0.608,2.5619914742559082,3.327673331275081e-05,0.6499100842380457
0.609,2.552693547944857,3.397677782535115e-05,0.6514353027468042
0.61,2.543325499193374,3.4690413191354085e-05,0.6530703817337118
0.611,2.5338871232419726,3.541925826317454e-05,0.6548156016273704
0.612,2.5243668495153084,3.616520987503619e-05,0.6566695081169864
0.613,2.5147695030068027,3.692863377876854e-05,0.6586310076961016
0.614,2.505093243722299,3.770869584760561e-05,0.660700285345101
0.615,2.4953284703794965,3.8508480699581585e-05,0.6628741703352639
0.616,2.4854793843848997,3.932733711596572e-05,0.6651536650608199
0.617,2.4755436060717044,4.016744415581034e-05,0.6675366404550102
0.618,2.4655204826525003,4.1025720176031814e-05,0.6700224395363815
0.619,2.455410384884282,4.190459228107361e-05,0.6726085831234487
0.62,2.4452053955219317,4.280226221316295e-05,0.6752907834443675
0.621,2.434908579396546,4.371719032948643e-05,0.6780700484443037
0.622,2.42452051603289,4.464871887794808e-05,0.6809440154640638
0.623,2.4140368494774322,4.5599666080849874e-05,0.6839116223805692
0.624,2.403457617358194,4.6567304098063486e-05,0.6869697613995932
0.625,2.392774141604042,4.754958776371891e-05,0.6901164020045111
0.626,2.3819892718426234,4.854919231751833e-05,0.69334992117825
0.627,2.371094085215492,4.956809302988681e-05,0.6966672072683198
0.627,2.3710940852154985,4.9568093029827925e-05,0.6966672072683172
0.628,2.3600921336147556,5.06030358463018e-05,0.7000684301150663
0.629,2.34898014178605,5.165833819528188e-05,0.7035501601897753
0.63,2.3377480745946086,5.2735389239219675e-05,0.7071089760892197
0.631,2.3264051118182443,5.383599099734649e-05,0.7107434544294878
0.632,2.314939219113338,5.496331173334903e-05,0.7144492923405623
0.633,2.303356335755284,5.611744799268191e-05,0.7182251009217879
0.634,2.2916574418318443,5.72999403810748e-05,0.722063931919234
0.635,2.2798340808004047,5.851184184437038e-05,0.7259632073817549
0.636,2.267893594738076,5.9755068381855184e-05,0.7299187135309276
0.637,2.255837559916319,6.10320747604666e-05,0.7339267585808213
0.638,2.2436621738620857,6.233910907418027e-05,0.7379828148893177
0.639,2.231375233646235,6.367568870708565e-05,0.742082622628079
0.64,2.2189611355222487,6.504393604340534e-05,0.7462190322249466
0.641,2.2064334602022093,6.644149263311995e-05,0.7503907588207221
0.642,2.1937852432866207,6.786887657908128e-05,0.7545922354837895
0.643,2.1810174008274656,6.932178870264602e-05,0.7588216392459501
0.644,2.1681248627033236,7.080240656570815e-05,0.7630734538723336
0.645,2.155103583198691,7.23098538232143e-05,0.7673435224719346
0.646,2.141950799994433,7.38473661736833e-05,0.7716269924290137
0.647,2.1286602365549383,7.541103249753227e-05,0.7759221457504897
0.648,2.115234416227707,7.700468518799103e-05,0.7802235175234613
0.649,2.101666364434991,7.863114130059134e-05,0.7845263790999946
0.65,2.087952229679998,8.029037131947112e-05,0.7888259009809813
0.651,2.074098853760995,8.198613418357191e-05,0.7931158191596439
0.652,2.0600948939063186,8.37205420617145e-05,0.7973924525772571
0.653,2.04595215090375,8.54957394413861e-05,0.8016471121338301
0.654,2.0316709869753824,8.731134960353101e-05,0.8058729861071043
0.655,2.017243605106269,8.91680481055918e-05,0.8100631867176115
0.656,2.002691857059327,9.106745937265259e-05,0.814210251106119
0.657,1.9880128934929258,9.301014958312181e-05,0.8183067022091687
0.658,1.9732122405694927,9.499070395094414e-05,0.8223455098269421
0.659,1.958302659834434,9.700824414024897e-05,0.8263184329696199
0.66,1.9432810758424737,9.90608156413624e-05,0.8302171533657686
0.661,1.9281620477552395,0.00010114720924274459,0.8340347218699496
0.662,1.9129486406546874,0.00010326268489896148,0.8377652425776205
0.663,1.8976495072922521,0.00010540440901551611,0.8414024826201423
0.664,1.8822706136291973,0.00010757686981284247,0.8449383680904748
0.665,1.8668173160518684,0.00010977400927270821,0.848368233485975
0.666,1.8513013963769895,0.00011199615759945149,0.851685821640391
0.667,1.835714274341225,0.00011424499593867361,0.854886358793867
0.668,1.8200791125103888,0.00011652447071440086,0.8579643267268261
0.669,1.8043951586333102,0.00011883660530885569,0.860914349335283
0.67,1.7886684476836772,0.00012117998800028126,0.8637323657414259
0.671,1.772914152820806,0.00012355976101625192,0.866413598736989
0.672,1.7571347096545529,0.00012598244419611998,0.868954359705202
0.673,1.7413494548581605,0.00012844142828457745,0.8713512227491919
0.674,1.7255611799802462,0.00013094325065126316,0.8735994996680698
0.675,1.7097819636173661,0.0001334843651705548,0.8756970436253906
0.676,1.6940266036379386,0.00013606619422694075,0.8776419698054172
0.677,1.6783088870138891,0.00013868390713280655,0.8794322473741368
0.678,1.662633702492649,0.0001413373304367018,0.8810668358228917
0.679,1.6470199644331875,0.00014401870870421374,0.8825457104617138
0.68,1.631464273357565,0.0001467272182668859,0.8838680903245264
0.681,1.6159859147390796,0.0001494588752972625,0.8850352288378782
0.682,1.6005911953520586,0.00015220762264679585,0.8860486655922112
0.683,1.585288074113127,0.00015497152549511019,0.8869105345637427
0.684,1.5700822872646918,0.00015775121253753632,0.8876225503884526
0.685,1.5549785502485165,0.0001605421194121232,0.8881876659873006
0.686,1.5399901032105223,0.0001633496609274281,0.8886092206251195
0.687,1.525103432465554,0.0001661726536381237,0.8888899564498971
0.688,1.51034177614378,0.00016901129513957733,0.8890340588927759
0.689,1.495707798666314,0.00017187325800472057,0.8890453329585702
0.69,1.4811925984465186,0.00017475782225592494,0.8889273772667651
0.691,1.466816024464771,0.0001776744820964996,0.888685196749544
0.692,1.4525767354144334,0.00018061631774739015,0.8883230594024923
0.693,1.4384799042608547,0.00018359561541493008,0.8878457269983104
0.694,1.4245305274675109,0.00018660631026463985,0.8872579504204187
0.695,1.4107269341509296,0.00018964512747709464,0.8865640676132558
0.696,1.3970782162337831,0.00019271659350673348,0.8857697790141219
0.697,1.3835930555814897,0.00019581230981176057,0.8848806557549767
0.698,1.370265045988789,0.00019893473030873897,0.8839013108576627
0.699,1.357101506787681,0.00020206625222077314,0.8828370256497371
0.7,1.3440903218328082,0.00020520919504347717,0.8816913647412635
0.701,1.3312425525011802,0.00020835596265710498,0.8804709576650849
0.702,1.3185538362915612,0.00021149662078499194,0.8791799201905355
0.703,1.306020297455322,0.00021463314039762272,0.8778224848457358
0.704,1.293644201218019,0.00021775543913052237,0.8764038563070583
0.705,1.2814200434432967,0.00022086196129710053,0.8749274650084728
0.706,1.2693461869225695,0.00022395689609811683,0.8733984909114016
0.707,1.2574140519990518,0.0002270315440360252,0.8718193287950712
0.708,1.2456323643397287,0.0002300882576710821,0.8701952539112751
0.709,1.233995084565457,0.000233127120674171,0.8685300593806994
0.709,1.233995084565456,0.00023312712067411606,0.8685300593807002
0.71,1.2224970243295379,0.0002361475979928367,0.8668262193917791
0.711,1.211148409555715,0.00023915030269269948,0.865089901125267
0.712,1.1999412187332132,0.00024213799040692167,0.8633230177935042
0.713,1.1888838797541277,0.00024510323314504433,0.8615308915521317
0.714,1.1779756248047306,0.00024803666719029805,0.8597166176660065
0.715,1.167208867105753,0.0002509396897851891,0.8578827563047132
0.716,1.1565983327753169,0.00025380249887256844,0.8560349966911551
0.717,1.1461465544289582,0.0002566126905542729,0.8541772987557997
0.718,1.135845115655774,0.00025936380227169166,0.8523114621847246
0.719,1.1257059082866625,0.00026204191647599565,0.8504427743221418
0.72,1.1157192119932642,0.0002646401841442402,0.848572921445898
0.721,1.1058913582254704,0.00026714466444982554,0.8467060853794536
0.722,1.0962206395618694,0.0002695468982391795,0.8448448399878183
0.723,1.0867083627696668,0.00027184003708094864,0.842991964843004
0.724,1.077355006849832,0.00027402139444510407,0.841150517623011
0.725,1.0681569188436497,0.00027608705001448333,0.8393220343326537
0.726,1.059118525285282,0.00027804249513762425,0.8375105673436887
0.727,1.0502325860912287,0.0002798852913577116,0.8357159430415709
0.728,1.041502775075227,0.00028163114950546363,0.8339413279243203
0.729,1.0329356081068268,0.000283280043160584,0.83218991219799
0.73,1.0245242397662693,0.0002848410106497232,0.8304604345539441
0.731,1.0162756663352461,0.00028633616112665904,0.828757300514832
0.732,1.0081943292073376,0.0002877685616235416,0.8270812116670235
0.733,1.0002845332850039,0.00028915328910217444,0.8254339691476584
0.734,0.9925481438471271,0.00029050258977622226,0.8238172095142158
0.735,0.9849905825575904,0.00029182276762844677,0.822231570139232
0.736,0.9776193482753238,0.00029312608868672723,0.8206788561539681
0.737,0.9704465692243855,0.0002944178892873924,0.8191622904981544
0.738,0.9634718313670003,0.00029570529448511934,0.8176817508639603
0.739,0.9567055195984295,0.0002969897777554236,0.8162387138763763
0.74,0.9501513297321261,0.0002982720607306204,0.8148343722315587
0.741,0.9438184836990133,0.00029955223719311467,0.813470328450395
0.742,0.9377107001438245,0.00030082815852702007,0.8121483351435451
0.743,0.9318396313232947,0.00030209850689620567,0.8108698723579499
0.744,0.9262057172395589,0.0003033561039490714,0.8096359524016489
0.745,0.9208131083235574,0.0003046006217088278,0.808447149671101
0.746,0.9156708829867833,0.00030582623396229727,0.8073069574855065
0.747,0.9107744048079593,0.0003070244592876948,0.8062140177446734
0.748,0.9061290171551831,0.0003081956952865757,0.8051703522502707
0.749,0.9017362211632604,0.00030932771180943017,0.8041769511864868
0.75,0.8975903746558429,0.00031041924554765256,0.8032329733676713
